candidate,before_id,after_id
10F,,70627edf-379f-407b-b5d8-2f777b0fad30
190z,,70627edf-379f-407b-b5d8-2f777b0fad30
300R,,70627edf-379f-407b-b5d8-2f777b0fad30
811,,657a6bec-65d2-49e2-851d-51e4711fcf1c
8F,,70627edf-379f-407b-b5d8-2f777b0fad30
9F,,70627edf-379f-407b-b5d8-2f777b0fad30
Adder,,70627edf-379f-407b-b5d8-2f777b0fad30
Airport,,70627edf-379f-407b-b5d8-2f777b0fad30
Airtug,,70627edf-379f-407b-b5d8-2f777b0fad30
Akula,,70627edf-379f-407b-b5d8-2f777b0fad30
Akuma,,70627edf-379f-407b-b5d8-2f777b0fad30
Aleutian,,70627edf-379f-407b-b5d8-2f777b0fad30
Alpha,,70627edf-379f-407b-b5d8-2f777b0fad30
Ambulance,,70627edf-379f-407b-b5d8-2f777b0fad30
Annihilator,,70627edf-379f-407b-b5d8-2f777b0fad30
Anti,,70627edf-379f-407b-b5d8-2f777b0fad30
APC,,70627edf-379f-407b-b5d8-2f777b0fad30
Arbiter,,70627edf-379f-407b-b5d8-2f777b0fad30
Ardent,,70627edf-379f-407b-b5d8-2f777b0fad30
Arena,,70627edf-379f-407b-b5d8-2f777b0fad30
Armored,,70627edf-379f-407b-b5d8-2f777b0fad30
Asbo,,70627edf-379f-407b-b5d8-2f777b0fad30
Asea,,70627edf-379f-407b-b5d8-2f777b0fad30
Asea2,,70627edf-379f-407b-b5d8-2f777b0fad30
Asterope,,70627edf-379f-407b-b5d8-2f777b0fad30
Astrale,,70627edf-379f-407b-b5d8-2f777b0fad30
Astron,,70627edf-379f-407b-b5d8-2f777b0fad30
Atomic,,70627edf-379f-407b-b5d8-2f777b0fad30
Autarch,,70627edf-379f-407b-b5d8-2f777b0fad30
Avarus,,70627edf-379f-407b-b5d8-2f777b0fad30
Avenger,,70627edf-379f-407b-b5d8-2f777b0fad30
Avisa,,70627edf-379f-407b-b5d8-2f777b0fad30
B,,70627edf-379f-407b-b5d8-2f777b0fad30
Bagger,,70627edf-379f-407b-b5d8-2f777b0fad30
Baller,,70627edf-379f-407b-b5d8-2f777b0fad30
Banshee,,70627edf-379f-407b-b5d8-2f777b0fad30
Barracks,,70627edf-379f-407b-b5d8-2f777b0fad30
Barrage,,70627edf-379f-407b-b5d8-2f777b0fad30
Bati,,70627edf-379f-407b-b5d8-2f777b0fad30
Beater,,70627edf-379f-407b-b5d8-2f777b0fad30
Beejay,,70627edf-379f-407b-b5d8-2f777b0fad30
Benson,,70627edf-379f-407b-b5d8-2f777b0fad30
Besra,,70627edf-379f-407b-b5d8-2f777b0fad30
Bestia,,70627edf-379f-407b-b5d8-2f777b0fad30
BF400,,70627edf-379f-407b-b5d8-2f777b0fad30
Biff,,70627edf-379f-407b-b5d8-2f777b0fad30
Bifta,,70627edf-379f-407b-b5d8-2f777b0fad30
Big,,70627edf-379f-407b-b5d8-2f777b0fad30
Bison,,70627edf-379f-407b-b5d8-2f777b0fad30
Blade,,70627edf-379f-407b-b5d8-2f777b0fad30
Blazer,,70627edf-379f-407b-b5d8-2f777b0fad30
Blimp,,70627edf-379f-407b-b5d8-2f777b0fad30
Blista,,70627edf-379f-407b-b5d8-2f777b0fad30
BMX,,70627edf-379f-407b-b5d8-2f777b0fad30
Boat,,70627edf-379f-407b-b5d8-2f777b0fad30
Bobcat,,70627edf-379f-407b-b5d8-2f777b0fad30
Bodhi,,70627edf-379f-407b-b5d8-2f777b0fad30
Boor,,70627edf-379f-407b-b5d8-2f777b0fad30
Box,,70627edf-379f-407b-b5d8-2f777b0fad30
Boxville,,70627edf-379f-407b-b5d8-2f777b0fad30
BR8,,70627edf-379f-407b-b5d8-2f777b0fad30
Brawler,,70627edf-379f-407b-b5d8-2f777b0fad30
Brickade,,70627edf-379f-407b-b5d8-2f777b0fad30
Brigham,,70627edf-379f-407b-b5d8-2f777b0fad30
Brioso,,70627edf-379f-407b-b5d8-2f777b0fad30
Broadway,,70627edf-379f-407b-b5d8-2f777b0fad30
Bruiser,,70627edf-379f-407b-b5d8-2f777b0fad30
Brutus,,70627edf-379f-407b-b5d8-2f777b0fad30
Buccaneer,,70627edf-379f-407b-b5d8-2f777b0fad30
Buffalo,,70627edf-379f-407b-b5d8-2f777b0fad30
Bullet,,70627edf-379f-407b-b5d8-2f777b0fad30
Burger,,70627edf-379f-407b-b5d8-2f777b0fad30
Burrito,,70627edf-379f-407b-b5d8-2f777b0fad30
Burrito2,,70627edf-379f-407b-b5d8-2f777b0fad30
Burrito5,,70627edf-379f-407b-b5d8-2f777b0fad30
Bus,,70627edf-379f-407b-b5d8-2f777b0fad30
Buzzard,,70627edf-379f-407b-b5d8-2f777b0fad30
Calico,,70627edf-379f-407b-b5d8-2f777b0fad30
Camper,,70627edf-379f-407b-b5d8-2f777b0fad30
Car,,70627edf-379f-407b-b5d8-2f777b0fad30
Caracara,,70627edf-379f-407b-b5d8-2f777b0fad30
Carbon,,70627edf-379f-407b-b5d8-2f777b0fad30
Carbonizzare,,70627edf-379f-407b-b5d8-2f777b0fad30
Cargo,,70627edf-379f-407b-b5d8-2f777b0fad30
Cargobob,,70627edf-379f-407b-b5d8-2f777b0fad30
Casco,,70627edf-379f-407b-b5d8-2f777b0fad30
Castigator,,70627edf-379f-407b-b5d8-2f777b0fad30
Catering,,70627edf-379f-407b-b5d8-2f777b0fad30
Cavalcade,,70627edf-379f-407b-b5d8-2f777b0fad30
Cerberus,,70627edf-379f-407b-b5d8-2f777b0fad30
Champion,,70627edf-379f-407b-b5d8-2f777b0fad30
Chavos,,70627edf-379f-407b-b5d8-2f777b0fad30
Cheburek,,70627edf-379f-407b-b5d8-2f777b0fad30
Cheetah,,70627edf-379f-407b-b5d8-2f777b0fad30
Chernobog,,70627edf-379f-407b-b5d8-2f777b0fad30
Chimera,,70627edf-379f-407b-b5d8-2f777b0fad30
Chino,,70627edf-379f-407b-b5d8-2f777b0fad30
Cinquemila,,70627edf-379f-407b-b5d8-2f777b0fad30
Cliffhanger,,70627edf-379f-407b-b5d8-2f777b0fad30
Clique,,70627edf-379f-407b-b5d8-2f777b0fad30
Clown,,04f5b610-4dce-49ba-91d8-cdc0c603eb3d
Club,,70627edf-379f-407b-b5d8-2f777b0fad30
Cognoscenti,,70627edf-379f-407b-b5d8-2f777b0fad30
Comet,,70627edf-379f-407b-b5d8-2f777b0fad30
Conada,,1929ebe4-e40a-4f08-9533-399bfe235fc2
Container,,70627edf-379f-407b-b5d8-2f777b0fad30
Contender,,70627edf-379f-407b-b5d8-2f777b0fad30
Coquette,,70627edf-379f-407b-b5d8-2f777b0fad30
Corsita,,70627edf-379f-407b-b5d8-2f777b0fad30
Cruiser,,70627edf-379f-407b-b5d8-2f777b0fad30
Crusader,,70627edf-379f-407b-b5d8-2f777b0fad30
Cuban,,70627edf-379f-407b-b5d8-2f777b0fad30
Custom,,70627edf-379f-407b-b5d8-2f777b0fad30
Cutter,,70627edf-379f-407b-b5d8-2f777b0fad30
Cyclone,,5e5f1d2f-0bf7-4af9-92c6-ab4727da6925
Cypher,,70627edf-379f-407b-b5d8-2f777b0fad30
Daemon,,d36f2575-2da3-4194-a1c1-677ef59f99ce
Dashound,,70627edf-379f-407b-b5d8-2f777b0fad30
Deathbike,,70627edf-379f-407b-b5d8-2f777b0fad30
Defiler,,70627edf-379f-407b-b5d8-2f777b0fad30
Deity,,70627edf-379f-407b-b5d8-2f777b0fad30
Deluxo,,70627edf-379f-407b-b5d8-2f777b0fad30
Desert,,70627edf-379f-407b-b5d8-2f777b0fad30
Deveste,,70627edf-379f-407b-b5d8-2f777b0fad30
Deviant,,70627edf-379f-407b-b5d8-2f777b0fad30
DH,,70627edf-379f-407b-b5d8-2f777b0fad30
Diabolus,,70627edf-379f-407b-b5d8-2f777b0fad30
Dock,,70627edf-379f-407b-b5d8-2f777b0fad30
Docktug,,70627edf-379f-407b-b5d8-2f777b0fad30
Dodo,,8f8846be-4be7-485b-adfe-70e3f49a976b
Dominator,,70627edf-379f-407b-b5d8-2f777b0fad30
Dorado,,70627edf-379f-407b-b5d8-2f777b0fad30
Double,,70627edf-379f-407b-b5d8-2f777b0fad30
Dozer,,70627edf-379f-407b-b5d8-2f777b0fad30
DR1,,70627edf-379f-407b-b5d8-2f777b0fad30
Draugur,,70627edf-379f-407b-b5d8-2f777b0fad30
Drift,,70627edf-379f-407b-b5d8-2f777b0fad30
Dubsta,,70627edf-379f-407b-b5d8-2f777b0fad30
Duke,,70627edf-379f-407b-b5d8-2f777b0fad30
Dukes,,70627edf-379f-407b-b5d8-2f777b0fad30
Dump,,70627edf-379f-407b-b5d8-2f777b0fad30
Dune,,70627edf-379f-407b-b5d8-2f777b0fad30
Duneloader,,70627edf-379f-407b-b5d8-2f777b0fad30
Duster,,70627edf-379f-407b-b5d8-2f777b0fad30
Dynasty,,70627edf-379f-407b-b5d8-2f777b0fad30
Elegy,,20d21c54-60a0-47cf-839f-de75e3fe4a4a
Ellie,,70627edf-379f-407b-b5d8-2f777b0fad30
Emerus,,70627edf-379f-407b-b5d8-2f777b0fad30
Emperor,,70627edf-379f-407b-b5d8-2f777b0fad30
Emperor3,,70627edf-379f-407b-b5d8-2f777b0fad30
Endurex,,70627edf-379f-407b-b5d8-2f777b0fad30
Enduro,,70627edf-379f-407b-b5d8-2f777b0fad30
Entity,,70627edf-379f-407b-b5d8-2f777b0fad30
Envisage,,70627edf-379f-407b-b5d8-2f777b0fad30
Esskey,,70627edf-379f-407b-b5d8-2f777b0fad30
ETR1,,70627edf-379f-407b-b5d8-2f777b0fad30
Eudora,,70627edf-379f-407b-b5d8-2f777b0fad30
Euros,,70627edf-379f-407b-b5d8-2f777b0fad30
Everon,,70627edf-379f-407b-b5d8-2f777b0fad30
Exemplar,,70627edf-379f-407b-b5d8-2f777b0fad30
F,,70627edf-379f-407b-b5d8-2f777b0fad30
F620,,70627edf-379f-407b-b5d8-2f777b0fad30
Faction,,70627edf-379f-407b-b5d8-2f777b0fad30
Fagaloa,,70627edf-379f-407b-b5d8-2f777b0fad30
Faggio,,70627edf-379f-407b-b5d8-2f777b0fad30
FCR,,70627edf-379f-407b-b5d8-2f777b0fad30
Felon,,70627edf-379f-407b-b5d8-2f777b0fad30
Feltzer,,70627edf-379f-407b-b5d8-2f777b0fad30
Festival,,70627edf-379f-407b-b5d8-2f777b0fad30
FH,,70627edf-379f-407b-b5d8-2f777b0fad30
Fieldmaster,,70627edf-379f-407b-b5d8-2f777b0fad30
Fieldmaster2,,70627edf-379f-407b-b5d8-2f777b0fad30
Fire,,70627edf-379f-407b-b5d8-2f777b0fad30
Firebolt,,70627edf-379f-407b-b5d8-2f777b0fad30
Fixter,,70627edf-379f-407b-b5d8-2f777b0fad30
Flash,,70627edf-379f-407b-b5d8-2f777b0fad30
Flat,,70627edf-379f-407b-b5d8-2f777b0fad30
Flatbed,,70627edf-379f-407b-b5d8-2f777b0fad30
FMJ,,70627edf-379f-407b-b5d8-2f777b0fad30
Forklift,,70627edf-379f-407b-b5d8-2f777b0fad30
FQ,,70627edf-379f-407b-b5d8-2f777b0fad30
FR36,,70627edf-379f-407b-b5d8-2f777b0fad30
Franken,,70627edf-379f-407b-b5d8-2f777b0fad30
Freecrawler,,70627edf-379f-407b-b5d8-2f777b0fad30
Frogger,,70627edf-379f-407b-b5d8-2f777b0fad30
Fugitive,,70627edf-379f-407b-b5d8-2f777b0fad30
Furia,,70627edf-379f-407b-b5d8-2f777b0fad30
Furore,,70627edf-379f-407b-b5d8-2f777b0fad30
Fusilade,,70627edf-379f-407b-b5d8-2f777b0fad30
Futo,,70627edf-379f-407b-b5d8-2f777b0fad30
Gang,,a5f1fd88-1a15-469c-a4fe-73ca00a565e4
Gargoyle,,70627edf-379f-407b-b5d8-2f777b0fad30
Gauntlet,,70627edf-379f-407b-b5d8-2f777b0fad30
GB200,,70627edf-379f-407b-b5d8-2f777b0fad30
Generator,,70627edf-379f-407b-b5d8-2f777b0fad30
Glendale,,b7496106-dd1e-4754-9a59-e0415fb35dad
Go,,70627edf-379f-407b-b5d8-2f777b0fad30
GP1,,70627edf-379f-407b-b5d8-2f777b0fad30
Graintrailer,,70627edf-379f-407b-b5d8-2f777b0fad30
Granger,,70627edf-379f-407b-b5d8-2f777b0fad30
Greenwood,,70627edf-379f-407b-b5d8-2f777b0fad30
Gresley,,70627edf-379f-407b-b5d8-2f777b0fad30
Growler,,70627edf-379f-407b-b5d8-2f777b0fad30
GT500,,70627edf-379f-407b-b5d8-2f777b0fad30
GT750,,70627edf-379f-407b-b5d8-2f777b0fad30
Guardian,,70627edf-379f-407b-b5d8-2f777b0fad30
Habanero,,70627edf-379f-407b-b5d8-2f777b0fad30
Hakuchou,,e8b208a9-f40b-44c5-8006-21d25fa6d116
Half,,70627edf-379f-407b-b5d8-2f777b0fad30
Hardy,,70627edf-379f-407b-b5d8-2f777b0fad30
Hauler,,70627edf-379f-407b-b5d8-2f777b0fad30
Havok,,70627edf-379f-407b-b5d8-2f777b0fad30
Hellion,,70627edf-379f-407b-b5d8-2f777b0fad30
Hermes,,70627edf-379f-407b-b5d8-2f777b0fad30
Hexer,,70627edf-379f-407b-b5d8-2f777b0fad30
Higgins,,70627edf-379f-407b-b5d8-2f777b0fad30
Hot,,70627edf-379f-407b-b5d8-2f777b0fad30
Hotknife,,70627edf-379f-407b-b5d8-2f777b0fad30
Hotring,,70627edf-379f-407b-b5d8-2f777b0fad30
Howard,,70627edf-379f-407b-b5d8-2f777b0fad30
Huntley,,70627edf-379f-407b-b5d8-2f777b0fad30
Hustler,,70627edf-379f-407b-b5d8-2f777b0fad30
Hydra,,70627edf-379f-407b-b5d8-2f777b0fad30
I,,70627edf-379f-407b-b5d8-2f777b0fad30
Ignus,,70627edf-379f-407b-b5d8-2f777b0fad30
Imorgon,,70627edf-379f-407b-b5d8-2f777b0fad30
Impaler,,70627edf-379f-407b-b5d8-2f777b0fad30
Imperator,,70627edf-379f-407b-b5d8-2f777b0fad30
Inductor,,70627edf-379f-407b-b5d8-2f777b0fad30
Infernus,,70627edf-379f-407b-b5d8-2f777b0fad30
Ingot,,70627edf-379f-407b-b5d8-2f777b0fad30
Injection,,70627edf-379f-407b-b5d8-2f777b0fad30
Innovation,,70627edf-379f-407b-b5d8-2f777b0fad30
Insurgent,,70627edf-379f-407b-b5d8-2f777b0fad30
Intruder,,70627edf-379f-407b-b5d8-2f777b0fad30
Invade,,70627edf-379f-407b-b5d8-2f777b0fad30
Issi,,70627edf-379f-407b-b5d8-2f777b0fad30
Itali,,70627edf-379f-407b-b5d8-2f777b0fad30
Jackal,,94e2daed-a85c-4b50-b195-61fe3b699b94
JB,,70627edf-379f-407b-b5d8-2f777b0fad30
Jester,,70627edf-379f-407b-b5d8-2f777b0fad30
Jet,,70627edf-379f-407b-b5d8-2f777b0fad30
Jetmax,,70627edf-379f-407b-b5d8-2f777b0fad30
Journey,,70627edf-379f-407b-b5d8-2f777b0fad30
Jubilee,,70627edf-379f-407b-b5d8-2f777b0fad30
Jugular,,70627edf-379f-407b-b5d8-2f777b0fad30
Junk,,c43af7a5-fa70-4c63-84d9-03d0c964ccda
Kalahari,,70627edf-379f-407b-b5d8-2f777b0fad30
Kamacho,,2fc8c3a7-3e43-433f-99a2-942d9bb9396b
Kanjo,,66d35ed5-c1d6-4326-8726-1f0f876a2891
Keitora,,70627edf-379f-407b-b5d8-2f777b0fad30
Khamelion,,70627edf-379f-407b-b5d8-2f777b0fad30
Komoda,,5ed72d40-9409-4ec4-bb49-79ae2c2e4ab7
Kosatka,,70627edf-379f-407b-b5d8-2f777b0fad30
Kraken,,70627edf-379f-407b-b5d8-2f777b0fad30
Krieger,,70627edf-379f-407b-b5d8-2f777b0fad30
Kurtz,,70627edf-379f-407b-b5d8-2f777b0fad30
Kuruma,,70627edf-379f-407b-b5d8-2f777b0fad30
La,,70627edf-379f-407b-b5d8-2f777b0fad30
Landstalker,,70627edf-379f-407b-b5d8-2f777b0fad30
Lectro,,70627edf-379f-407b-b5d8-2f777b0fad30
LF,,70627edf-379f-407b-b5d8-2f777b0fad30
Lifeguard,,70627edf-379f-407b-b5d8-2f777b0fad30
LM87,,443887b0-9dcf-433a-9d07-93fc81468392
Locust,,70627edf-379f-407b-b5d8-2f777b0fad30
Longfin,,70627edf-379f-407b-b5d8-2f777b0fad30
Lost,,70627edf-379f-407b-b5d8-2f777b0fad30
LSCM,,70627edf-379f-407b-b5d8-2f777b0fad30
Luiva,,70627edf-379f-407b-b5d8-2f777b0fad30
Lurcher,,70627edf-379f-407b-b5d8-2f777b0fad30
Luxor,,70627edf-379f-407b-b5d8-2f777b0fad30
Lynx,,70627edf-379f-407b-b5d8-2f777b0fad30
Mallard,,70627edf-379f-407b-b5d8-2f777b0fad30
Mamba,,70627edf-379f-407b-b5d8-2f777b0fad30
Mammatus,,70627edf-379f-407b-b5d8-2f777b0fad30
Manana,,13dfad2c-9eb9-436a-9655-f8103e33e78a
Manchez,,70627edf-379f-407b-b5d8-2f777b0fad30
Marquis,,70627edf-379f-407b-b5d8-2f777b0fad30
Marshall,,70627edf-379f-407b-b5d8-2f777b0fad30
Massacro,,70627edf-379f-407b-b5d8-2f777b0fad30
Maverick,,70627edf-379f-407b-b5d8-2f777b0fad30
Menacer,,70627edf-379f-407b-b5d8-2f777b0fad30
Mesa,,70627edf-379f-407b-b5d8-2f777b0fad30
Mesa2,,70627edf-379f-407b-b5d8-2f777b0fad30
Michelli,,70627edf-379f-407b-b5d8-2f777b0fad30
Miljet,,70627edf-379f-407b-b5d8-2f777b0fad30
Minimus,,70627edf-379f-407b-b5d8-2f777b0fad30
Minivan,,70627edf-379f-407b-b5d8-2f777b0fad30
Mixer,,70627edf-379f-407b-b5d8-2f777b0fad30
Mobile,,70627edf-379f-407b-b5d8-2f777b0fad30
Mogul,,e3526f49-df5c-4e5e-bea5-60454b9d6160
Monroe,,70627edf-379f-407b-b5d8-2f777b0fad30
MonstroCiti,,70627edf-379f-407b-b5d8-2f777b0fad30
Moonbeam,,70627edf-379f-407b-b5d8-2f777b0fad30
Mower,,70627edf-379f-407b-b5d8-2f777b0fad30
Mule,,df185505-bd12-4c4b-851d-8554ca2de32f
Nebula,,70627edf-379f-407b-b5d8-2f777b0fad30
Nemesis,,70627edf-379f-407b-b5d8-2f777b0fad30
Neo,,70627edf-379f-407b-b5d8-2f777b0fad30
Neon,,70627edf-379f-407b-b5d8-2f777b0fad30
Nero,,70627edf-379f-407b-b5d8-2f777b0fad30
Nightblade,,70627edf-379f-407b-b5d8-2f777b0fad30
Nightshade,,70627edf-379f-407b-b5d8-2f777b0fad30
Nightshark,,70627edf-379f-407b-b5d8-2f777b0fad30
Nimbus,,70627edf-379f-407b-b5d8-2f777b0fad30
Niobe,,70627edf-379f-407b-b5d8-2f777b0fad30
Novak,,70627edf-379f-407b-b5d8-2f777b0fad30
Omnis,,70627edf-379f-407b-b5d8-2f777b0fad30
Oppressor,,70627edf-379f-407b-b5d8-2f777b0fad30
Oracle,,70627edf-379f-407b-b5d8-2f777b0fad30
Osiris,,70627edf-379f-407b-b5d8-2f777b0fad30
Outlaw,,70627edf-379f-407b-b5d8-2f777b0fad30
Outreach,,70627edf-379f-407b-b5d8-2f777b0fad30
P,,70627edf-379f-407b-b5d8-2f777b0fad30
Packer,,70627edf-379f-407b-b5d8-2f777b0fad30
Panthere,,70627edf-379f-407b-b5d8-2f777b0fad30
Panto,,70627edf-379f-407b-b5d8-2f777b0fad30
Paradise,,70627edf-379f-407b-b5d8-2f777b0fad30
Paragon,,70627edf-379f-407b-b5d8-2f777b0fad30
Pariah,,70627edf-379f-407b-b5d8-2f777b0fad30
Park,,70627edf-379f-407b-b5d8-2f777b0fad30
Patriot,,70627edf-379f-407b-b5d8-2f777b0fad30
PCJ,,70627edf-379f-407b-b5d8-2f777b0fad30
Penetrator,,70627edf-379f-407b-b5d8-2f777b0fad30
Penumbra,,70627edf-379f-407b-b5d8-2f777b0fad30
Peyote,,70627edf-379f-407b-b5d8-2f777b0fad30
Phantom,,70627edf-379f-407b-b5d8-2f777b0fad30
Phoenix,,70627edf-379f-407b-b5d8-2f777b0fad30
Picador,,70627edf-379f-407b-b5d8-2f777b0fad30
Pigalle,,70627edf-379f-407b-b5d8-2f777b0fad30
Pipistrello,,70627edf-379f-407b-b5d8-2f777b0fad30
Pisswasser,,70627edf-379f-407b-b5d8-2f777b0fad30
Pizza,,70627edf-379f-407b-b5d8-2f777b0fad30
Police,,70627edf-379f-407b-b5d8-2f777b0fad30
Postlude,,70627edf-379f-407b-b5d8-2f777b0fad30
Pounder,,70627edf-379f-407b-b5d8-2f777b0fad30
Powersurge,,70627edf-379f-407b-b5d8-2f777b0fad30
PR4,,70627edf-379f-407b-b5d8-2f777b0fad30
Prairie,,70627edf-379f-407b-b5d8-2f777b0fad30
Premier,,70627edf-379f-407b-b5d8-2f777b0fad30
Previon,,70627edf-379f-407b-b5d8-2f777b0fad30
Primo,,70627edf-379f-407b-b5d8-2f777b0fad30
Pyro,,70627edf-379f-407b-b5d8-2f777b0fad30
R88,,70627edf-379f-407b-b5d8-2f777b0fad30
Radius,,70627edf-379f-407b-b5d8-2f777b0fad30
Raiden,,70627edf-379f-407b-b5d8-2f777b0fad30
Rake,,70627edf-379f-407b-b5d8-2f777b0fad30
Ramp,,70627edf-379f-407b-b5d8-2f777b0fad30
Rampant,,70627edf-379f-407b-b5d8-2f777b0fad30
Rancher,,70627edf-379f-407b-b5d8-2f777b0fad30
Rapid,,70627edf-379f-407b-b5d8-2f777b0fad30
Raptor,,70627edf-379f-407b-b5d8-2f777b0fad30
Rat,,70627edf-379f-407b-b5d8-2f777b0fad30
Ratel,,70627edf-379f-407b-b5d8-2f777b0fad30
RC,,70627edf-379f-407b-b5d8-2f777b0fad30
RCV,,70627edf-379f-407b-b5d8-2f777b0fad30
RE,,70627edf-379f-407b-b5d8-2f777b0fad30
Reaper,,70627edf-379f-407b-b5d8-2f777b0fad30
Rebel2,,70627edf-379f-407b-b5d8-2f777b0fad30
Rebla,,70627edf-379f-407b-b5d8-2f777b0fad30
Redwood,,70627edf-379f-407b-b5d8-2f777b0fad30
Reever,,70627edf-379f-407b-b5d8-2f777b0fad30
Regina,,70627edf-379f-407b-b5d8-2f777b0fad30
Remus,,70627edf-379f-407b-b5d8-2f777b0fad30
Rental,,70627edf-379f-407b-b5d8-2f777b0fad30
Retinue,,70627edf-379f-407b-b5d8-2f777b0fad30
Revolter,,70627edf-379f-407b-b5d8-2f777b0fad30
Rhapsody,,70627edf-379f-407b-b5d8-2f777b0fad30
Rhinehart,,70627edf-379f-407b-b5d8-2f777b0fad30
Rhino,,70627edf-379f-407b-b5d8-2f777b0fad30
Riata,,70627edf-379f-407b-b5d8-2f777b0fad30
Ripley,,70627edf-379f-407b-b5d8-2f777b0fad30
RM,,70627edf-379f-407b-b5d8-2f777b0fad30
RO,,70627edf-379f-407b-b5d8-2f777b0fad30
Road,,70627edf-379f-407b-b5d8-2f777b0fad30
Rocket,,70627edf-379f-407b-b5d8-2f777b0fad30
Rocoto,,70627edf-379f-407b-b5d8-2f777b0fad30
Rogue,,70627edf-379f-407b-b5d8-2f777b0fad30
Romero,,70627edf-379f-407b-b5d8-2f777b0fad30
Roosevelt,,70627edf-379f-407b-b5d8-2f777b0fad30
RT3000,,70627edf-379f-407b-b5d8-2f777b0fad30
Rubble,,70627edf-379f-407b-b5d8-2f777b0fad30
Ruffian,,70627edf-379f-407b-b5d8-2f777b0fad30
Ruiner,,70627edf-379f-407b-b5d8-2f777b0fad30
Rumpo,,70627edf-379f-407b-b5d8-2f777b0fad30
Ruston,,70627edf-379f-407b-b5d8-2f777b0fad30
Rusty,,70627edf-379f-407b-b5d8-2f777b0fad30
S80RR,,70627edf-379f-407b-b5d8-2f777b0fad30
S95,,70627edf-379f-407b-b5d8-2f777b0fad30
Sabre,,70627edf-379f-407b-b5d8-2f777b0fad30
Sadler,,70627edf-379f-407b-b5d8-2f777b0fad30
Sadler2,,70627edf-379f-407b-b5d8-2f777b0fad30
Sanchez2,,70627edf-379f-407b-b5d8-2f777b0fad30
Sanctus,,70627edf-379f-407b-b5d8-2f777b0fad30
Sandking,,70627edf-379f-407b-b5d8-2f777b0fad30
Sasquatch,,70627edf-379f-407b-b5d8-2f777b0fad30
Savage,,70627edf-379f-407b-b5d8-2f777b0fad30
Savestra,,70627edf-379f-407b-b5d8-2f777b0fad30
SC1,,70627edf-379f-407b-b5d8-2f777b0fad30
Scarab,,70627edf-379f-407b-b5d8-2f777b0fad30
Schafter,,70627edf-379f-407b-b5d8-2f777b0fad30
Schlagen,,70627edf-379f-407b-b5d8-2f777b0fad30
Schwartzer,,70627edf-379f-407b-b5d8-2f777b0fad30
Scorcher,,70627edf-379f-407b-b5d8-2f777b0fad30
Scramjet,,70627edf-379f-407b-b5d8-2f777b0fad30
Scrap,,70627edf-379f-407b-b5d8-2f777b0fad30
Sea,,70627edf-379f-407b-b5d8-2f777b0fad30
Seabreeze,,70627edf-379f-407b-b5d8-2f777b0fad30
Seashark,,70627edf-379f-407b-b5d8-2f777b0fad30
Seminole,,70627edf-379f-407b-b5d8-2f777b0fad30
Sentinel,,70627edf-379f-407b-b5d8-2f777b0fad30
Serrano,,70627edf-379f-407b-b5d8-2f777b0fad30
Seven,,70627edf-379f-407b-b5d8-2f777b0fad30
Shamal,,70627edf-379f-407b-b5d8-2f777b0fad30
Sheriff,,70627edf-379f-407b-b5d8-2f777b0fad30
Shinobi,,70627edf-379f-407b-b5d8-2f777b0fad30
Shotaro,,70627edf-379f-407b-b5d8-2f777b0fad30
Skylift,,70627edf-379f-407b-b5d8-2f777b0fad30
Slamtruck,,70627edf-379f-407b-b5d8-2f777b0fad30
Slamvan,,70627edf-379f-407b-b5d8-2f777b0fad30
SM722,,70627edf-379f-407b-b5d8-2f777b0fad30
Sovereign,,70627edf-379f-407b-b5d8-2f777b0fad30
Space,,70627edf-379f-407b-b5d8-2f777b0fad30
Sparrow,,70627edf-379f-407b-b5d8-2f777b0fad30
Specter,,70627edf-379f-407b-b5d8-2f777b0fad30
Speeder,,70627edf-379f-407b-b5d8-2f777b0fad30
Speedo,,70627edf-379f-407b-b5d8-2f777b0fad30
Sprunk,,70627edf-379f-407b-b5d8-2f777b0fad30
Squaddie,,70627edf-379f-407b-b5d8-2f777b0fad30
Squalo,,70627edf-379f-407b-b5d8-2f777b0fad30
Stafford,,70627edf-379f-407b-b5d8-2f777b0fad30
Stallion,,70627edf-379f-407b-b5d8-2f777b0fad30
Stanier,,70627edf-379f-407b-b5d8-2f777b0fad30
Stinger,,70627edf-379f-407b-b5d8-2f777b0fad30
Stirling,,70627edf-379f-407b-b5d8-2f777b0fad30
Stockade,,70627edf-379f-407b-b5d8-2f777b0fad30
Stockade2,,70627edf-379f-407b-b5d8-2f777b0fad30
Stratum,,70627edf-379f-407b-b5d8-2f777b0fad30
Streamer216,,70627edf-379f-407b-b5d8-2f777b0fad30
Street,,70627edf-379f-407b-b5d8-2f777b0fad30
Streiter,,70627edf-379f-407b-b5d8-2f777b0fad30
Stretch,,70627edf-379f-407b-b5d8-2f777b0fad30
Stromberg,,70627edf-379f-407b-b5d8-2f777b0fad30
Stryder,,70627edf-379f-407b-b5d8-2f777b0fad30
Submersible,,70627edf-379f-407b-b5d8-2f777b0fad30
Sugoi,,70627edf-379f-407b-b5d8-2f777b0fad30
Sultan,,70627edf-379f-407b-b5d8-2f777b0fad30
Suntrap,,70627edf-379f-407b-b5d8-2f777b0fad30
Super,,70627edf-379f-407b-b5d8-2f777b0fad30
SuperVolito,,70627edf-379f-407b-b5d8-2f777b0fad30
Surfer,,70627edf-379f-407b-b5d8-2f777b0fad30
Surge,,70627edf-379f-407b-b5d8-2f777b0fad30
Suzume,,70627edf-379f-407b-b5d8-2f777b0fad30
Swift,,70627edf-379f-407b-b5d8-2f777b0fad30
Swinger,,70627edf-379f-407b-b5d8-2f777b0fad30
T20,,70627edf-379f-407b-b5d8-2f777b0fad30
Taco,,70627edf-379f-407b-b5d8-2f777b0fad30
Tahoma,,70627edf-379f-407b-b5d8-2f777b0fad30
Tailgater,,70627edf-379f-407b-b5d8-2f777b0fad30
Taipan,,70627edf-379f-407b-b5d8-2f777b0fad30
Tampa,,70627edf-379f-407b-b5d8-2f777b0fad30
Tanker,,70627edf-379f-407b-b5d8-2f777b0fad30
Taxi,,70627edf-379f-407b-b5d8-2f777b0fad30
Technical,,70627edf-379f-407b-b5d8-2f777b0fad30
Tempesta,,70627edf-379f-407b-b5d8-2f777b0fad30
Terminus,,70627edf-379f-407b-b5d8-2f777b0fad30
Terrorbyte,,70627edf-379f-407b-b5d8-2f777b0fad30
Tezeract,,70627edf-379f-407b-b5d8-2f777b0fad30
The,,afe583ae-04e9-43ca-9434-061ff1d91c10
Thrax,,70627edf-379f-407b-b5d8-2f777b0fad30
Thrust,,70627edf-379f-407b-b5d8-2f777b0fad30
Thruster,,70627edf-379f-407b-b5d8-2f777b0fad30
Tigon,,70627edf-379f-407b-b5d8-2f777b0fad30
Timber,,70627edf-379f-407b-b5d8-2f777b0fad30
Titan,,70627edf-379f-407b-b5d8-2f777b0fad30
TM,,70627edf-379f-407b-b5d8-2f777b0fad30
Toreador,,70627edf-379f-407b-b5d8-2f777b0fad30
Torero,,70627edf-379f-407b-b5d8-2f777b0fad30
Tornado,,70627edf-379f-407b-b5d8-2f777b0fad30
Toro,,70627edf-379f-407b-b5d8-2f777b0fad30
Toros,,70627edf-379f-407b-b5d8-2f777b0fad30
Tourbus,,70627edf-379f-407b-b5d8-2f777b0fad30
Towtruck,,70627edf-379f-407b-b5d8-2f777b0fad30
Tractor,,70627edf-379f-407b-b5d8-2f777b0fad30
Trashmaster,,70627edf-379f-407b-b5d8-2f777b0fad30
Tri,,70627edf-379f-407b-b5d8-2f777b0fad30
Trophy,,70627edf-379f-407b-b5d8-2f777b0fad30
Tropic,,70627edf-379f-407b-b5d8-2f777b0fad30
Tropos,,70627edf-379f-407b-b5d8-2f777b0fad30
Tug,,70627edf-379f-407b-b5d8-2f777b0fad30
Tula,,70627edf-379f-407b-b5d8-2f777b0fad30
Tulip,,70627edf-379f-407b-b5d8-2f777b0fad30
Turismo,,70627edf-379f-407b-b5d8-2f777b0fad30
Turreted,,70627edf-379f-407b-b5d8-2f777b0fad30
Tyrant,,70627edf-379f-407b-b5d8-2f777b0fad30
Tyrus,,70627edf-379f-407b-b5d8-2f777b0fad30
Ultralight,,70627edf-379f-407b-b5d8-2f777b0fad30
Unmarked,,70627edf-379f-407b-b5d8-2f777b0fad30
Uranus,,70627edf-379f-407b-b5d8-2f777b0fad30
Utility,,70627edf-379f-407b-b5d8-2f777b0fad30
V,,70627edf-379f-407b-b5d8-2f777b0fad30
Vacca,,70627edf-379f-407b-b5d8-2f777b0fad30
Vader,,70627edf-379f-407b-b5d8-2f777b0fad30
Vagner,,70627edf-379f-407b-b5d8-2f777b0fad30
Vagrant,,70627edf-379f-407b-b5d8-2f777b0fad30
Valkyrie,,70627edf-379f-407b-b5d8-2f777b0fad30
Vamos,,70627edf-379f-407b-b5d8-2f777b0fad30
Vectre,,70627edf-379f-407b-b5d8-2f777b0fad30
Velum,,70627edf-379f-407b-b5d8-2f777b0fad30
Velum2,,70627edf-379f-407b-b5d8-2f777b0fad30
Verlierer,,70627edf-379f-407b-b5d8-2f777b0fad30
Verus,,70627edf-379f-407b-b5d8-2f777b0fad30
Vestra,,70627edf-379f-407b-b5d8-2f777b0fad30
Vetir,,70627edf-379f-407b-b5d8-2f777b0fad30
Veto,,70627edf-379f-407b-b5d8-2f777b0fad30
Vigero,,70627edf-379f-407b-b5d8-2f777b0fad30
Vigilante,,70627edf-379f-407b-b5d8-2f777b0fad30
Vindicator,,70627edf-379f-407b-b5d8-2f777b0fad30
Virgo,,70627edf-379f-407b-b5d8-2f777b0fad30
Virtue,,70627edf-379f-407b-b5d8-2f777b0fad30
Viseris,,70627edf-379f-407b-b5d8-2f777b0fad30
Visione,,70627edf-379f-407b-b5d8-2f777b0fad30
Vivanite,,70627edf-379f-407b-b5d8-2f777b0fad30
Volatol,,70627edf-379f-407b-b5d8-2f777b0fad30
Volatus,,70627edf-379f-407b-b5d8-2f777b0fad30
Voltic,,70627edf-379f-407b-b5d8-2f777b0fad30
Voodoo,,70627edf-379f-407b-b5d8-2f777b0fad30
Vorschlaghammer,,70627edf-379f-407b-b5d8-2f777b0fad30
Vortex,,70627edf-379f-407b-b5d8-2f777b0fad30
Walton,,70627edf-379f-407b-b5d8-2f777b0fad30
Warrener,,70627edf-379f-407b-b5d8-2f777b0fad30
Washington,,70627edf-379f-407b-b5d8-2f777b0fad30
Wastelander,,70627edf-379f-407b-b5d8-2f777b0fad30
Weaponized,,70627edf-379f-407b-b5d8-2f777b0fad30
Weevil,,70627edf-379f-407b-b5d8-2f777b0fad30
Whippet,,70627edf-379f-407b-b5d8-2f777b0fad30
Windsor,,70627edf-379f-407b-b5d8-2f777b0fad30
Winky,,70627edf-379f-407b-b5d8-2f777b0fad30
WolfSbane,,70627edf-379f-407b-b5d8-2f777b0fad30
Woodlander,,70627edf-379f-407b-b5d8-2f777b0fad30
X,,70627edf-379f-407b-b5d8-2f777b0fad30
X80,,70627edf-379f-407b-b5d8-2f777b0fad30
XA,,70627edf-379f-407b-b5d8-2f777b0fad30
Xero,,70627edf-379f-407b-b5d8-2f777b0fad30
XLS,,70627edf-379f-407b-b5d8-2f777b0fad30
Yosemite,,70627edf-379f-407b-b5d8-2f777b0fad30
Youga,,6bae8218-2700-4c40-8836-b224d7d854fb
Z,,70627edf-379f-407b-b5d8-2f777b0fad30
Zeno,,70627edf-379f-407b-b5d8-2f777b0fad30
Zentorno,,70627edf-379f-407b-b5d8-2f777b0fad30
Zhaba,,70627edf-379f-407b-b5d8-2f777b0fad30
Zion,,70627edf-379f-407b-b5d8-2f777b0fad30
Zombie,,70627edf-379f-407b-b5d8-2f777b0fad30
Zorrusso,,70627edf-379f-407b-b5d8-2f777b0fad30
ZR350,,70627edf-379f-407b-b5d8-2f777b0fad30
ZR380,,70627edf-379f-407b-b5d8-2f777b0fad30
アリーナウォーズアップデートで追加された、世紀末な競技車両。,,dccaa37f-b934-4260-9954-996582bbdbce
アリーナウォーズアップデートで追加されたラジコンカーも性質上ここに属する,,89d547e8-65d1-4339-9d8e-e8f3c55f0e1e